sku, price
ALUMINIUM300M-B, 269,90
ALUMINIUM300M-RG, 269,90
T404BDUAL, 48,90
T403B, 39,90
T405W, 26,50
T406W, 36,90
T408B, 38,90
CRONOS200M, 34,50
CRONOS350M, 34,50
CRONOS450M-W, 41,90
CRONOS450M, 38,90
CRONOS550M, 55,90
CRONOS750, 49,90
CRONOS700, 42,90
HELIOS300GSYNC-W, 100,90
HELIOS301SYNC-W, 100,90
HELIOS450X, 79,90
HELIOS600ASYNC, 93,90
HELIOS600XSYNC, 89,90
HR1203IN1SYNC, 34,90
MIGHTY500-KKKK, 43,90
MIGHTY600-KKKK, 51,90
RAMSSES850SYNC, 209,90
TENGRI750G-V1, 90,90
TENGRI750G-V2, 90,90
TENGRI750X, 89,90
ABKO-500B-XXXX, 65,90
ABKO-600B-XXXX, 72,90
ABKO-850G-MMXX-A, 144,90
ADAPTADOR24TO14ATX, 8,90
AD4U266616G19-RGN, 84,90
AD4U32008G22-BGN, 33,90
AX4U360016G18I-ST50, 96,90
AX4U320016G16A-DT50, 209,90
AX4U320032G16A-ST50, 188,90
AX4U32008G16A-ST50, 55,90
ASWORDFISH-500G-C, 57,90
ASU630SS-240GQ-R, 30,90
ASU630SS-960GQ-R, 101,90
AGAMMIXS11P-1TT-C, 149,90
AGAMMIXS11P-512GT-C, 77,90
AGAMMIXS50L-1T-C, 167,90
AGAMMIXS50L-2T-C, 360,90
AGAMMIXS70-1T-C, 222,90
AGAMMIXS70-2T-C, 439,90
AX5U5200C3816G-CLABK, 161,90
AX5U5200C3816G-CLARBK, 167,90
AX5U6000C4016G-CLARBK, 184,90
AS40G-256GT-C, 51,90
AS40G-512GT-C, 74,90
ASX6000LNP-256GT-C, 40,90
ASX6000PNP-1TT-C, 106,90
ASX6000PNP-256GT-C, 39,90
ASX6000PNP-512GT-C, 55,90
ASX8200PNP-1TT-C, 134,90
ASX8200PNP-512GT-C, 68,90
AEROB550, 58,90
AEROB550M, 52,90
ACPW-CE50AEC.11, 34,90
AEROONEBK, 53,90
AEROONEWH, 52,90
ACPW-AR55AEC.11, 45,90
ACPW-AR60AEC.11, 47,90
AEROW650, 49,90
ACPW-AR70AEC.11, 54,90
AIRHAWKBK, 69,90
ASTRO12, 8,90
ASTRO12PRO, 30,90
ASTRO24, 23,90
ATOMICLITEBKV1, 49,90
ACCS-PV26023.11, 64,90
BEAMBKV2, 70,90
BIONICV1WH, 48,90
ACCM-PV34113.11, 55,90
BIONICV2WH, 51,90
CIPHERBKV1, 104,90
COREPLUS, 12,90
ACF3-NA10117.11, 4,20
ACCM-PB23013.11, 109,90
CS107V1, 33,90
CYLON3, 28,90
CYLON4ARGB, 36,90
CYLON4FW, 37,90
CYLONPROBG, 59,90
4A, 44,90
4ACYLONW, 43,50
DUO12, 9,20
ECLIPSE12, 8,50
ECLIPSE12PRO, 31,90
EDGE14PRO, 40,90
EDGE14, 14,90
FORCE8BK, 2,90
FROST, 5,50
FROST12FRGB, 4,90
GLADIATORDUOBKV1, 89,90
GRAPHITEV1, 59,90
GRAPHITEV3, 86,90
HEXFORMBKV2, 49,90
ACCM-PV27033.11, 51,90
ACCM-PV27043.11, 59,90
ACCM-PV27013.11, 34,90
LUX550, 35,90
LUX650, 41,90
LUX750, 53,90
LUXRGB550M, 43,90
COG2, 4,90
MECHABK, 39,90
ACCM-PV20013.11, 34,90
ACCM-PV20023.11, 44,90
MIRAGE12, 9,50
MIRAGE12PRO, 32,90
MIRAGEL120, 60,50
MIRAGEL240, 72,90
MIRAGEL240W, 90,90
MIRAGEL360W, 107,90
MOTION12PLUS, 5,90
NIGHTHAWKDUOBK, 84,90
ORBIT, 14,90
PLAYAXL, 51,90
PRIMEBK, 43,90
ACCM-PV29113.11, 43,90
PRISMBKV3, 95,90
PULSEL120F, 64,90
PULSE240F, 83,90
PYTHON, 69,90
ACCM-PV31133.11, 58,90
QUANTUMMESHV1, 45,90
REVRGB-R, 8,50
RIFT, 45,90
RIFTW, 46,90
ACF3-ST10247.01, 29,90
SCAPEBKV1, 65,90
ACCM-PB11013.11, 67,90
SENTINELAERO, 59,90
ACCM-PV14043.11, 59,90
SHARD, 38,90
SPECTRO12, 4,90
SPLINTERDUOBKV1, 91,90
SPLITABK, 32,90
TRINITYMINIWHV3, 65,90
TRINITYMINIPKV3, 65,90
TRINITYMINIBKV2, 49,90
VERKHO3PLUS, 21,50
VISORBK, 114,90
VXPLUS750, 45,90
WAVEBKV3, 59,90
ZAURONBK, 39,90
A131-0419, 4,90
AKFG90, 1,50
84000000189, 189,90
100-100000252BOX, 245,90
100-100000065BOX, 284,90
100-100000025BOX, 308,90
100-100000279WOF, 360,90
100-100000263BOX, 332,90
100-100000063WOF, 361,90
100-100000061WOF, 521,90
100-100000059WOF, 769,90
100-100000087WOF, 5 590,00
DP301M, 59,90
95.DB2E0.P100C, 57,90
ACALP00031A, 9,80
ACALP00040A, 10,90
ACALP00041A, 11,90
ACALP00035A, 9,90
ACALP00036A, 10,90
ACFAN00093A, 10,90
ACFAN00163A, 10,90
ACFAN00164A, 10,90
ACFAN00092A, 10,90
ACFAN00096A, 12,90
ACFAN00162A, 12,90
ACFAN00161A, 12,90
ACFAN00084A, 14,90
ACFAN00095A, 12,90
ACFAN00116A, 10,50
ACFAN00168A, 10,50
ACFAN00167A, 11,50
ACFAN00115A, 10,50
ACFAN00128A, 14,90
ACFAN00159A, 13,90
ACFAN00160A, 14,90
ACFAN00175A, 7,50
CMQ2-25G, 7,90
ACALP00027A, 7,90
ACALP00024A, 11,90
ACFAN00210A, 9,90
ACFAN00248A, 21,90
ACFAN00081A, 7,90
AFACO-080P0-GBA01, 4,50
ACFAN00204A, 6,90
ACFAN00025A, 4,20
ACFAN00245A, 4,50
ACFAN00234A, 17,90
AFACO-090P2-GBA01, 4,90
ACFAN00249A, 18,90
ACFRE00077A, 18,90
ACFRE00085A, 20,50
UCACO-FA30001-GB, 32,90
ACTCP00003B, 14,90
ACTCP00004B, 5,90
ACTCP00001B, 13,90
ACTCP00007B, 4,50
ACTCP00002B, 5,50
ACTCP00008B, 7,90
ACFAN00118A, 4,90
ACFAN00119A, 5,90
ACFAN00133A, 6,50
ACFAN00120A, 6,50
ACFAN00132A, 7,50
ACFAN00134A, 6,50
ACFAN00137A, 25,90
ACFAN00135A, 21,90
ACFAN00123A, 6,90
ACFAN00125A, 7,50
ACFAN00221A, 9,90
ACFAN00197A, 10,90
ACFAN00139A, 6,90
ACFAN00136A, 28,90
UC-CS3-AC-01, 7,90
ACFAN00199A, 6,90
ACFAN00080A, 10,90
ACFAN00220A, 10,90
ACFAN00150A, 8,90
AFACO-080PC-GBA01, 7,50
ACFAN00208A, 6,90
AFACO-090T0-GBA01, 8,50
ACFRE00052A, 28,90
ACFRE00051A, 27,90
ACFRE00057A, 31,90
ACFRE00061A, 44,90
ACFRE00074A, 43,90
ACFRE00075A, 45,90
ACFRE00060A, 44,90
ACFRE00056A, 32,90
ACFRE00080A, 65,90
ACFRE00055A, 67,90
ACFRE00083A, 19,90
ACFRE00084A, 22,90
ACFRE00113A, 37,90
ACFRE00114A, 44,90
ACFRE00078A, 20,90
ACFRE00079A, 21,90
ACFRE00094A, 35,50
ACFRE00095A, 36,50
ACFRE00096A, 44,90
MPSAS00892A, 5,90
MPSAS00897A, 5,90
MPSAS00898A, 5,90
MPSAS00891A, 5,90
ACFRE00067A, 61,90
ACFRE00046A, 78,90
ACFRE00093A, 94,90
ACFRE00098A, 89,90
ACFRE00099A, 96,90
ACFRE00066A, 89,90
ACFRE00106A, 104,90
ACFRE00068A, 109,90
ACFRE00101A, 129,90
ACFRE00097A, 114,90
ACFRE00092A, 106,90
ACFRE00111A, 135,90
OR-MX2-AC-03, 15,90
ACTCP00005B, 3,80
ACFAN00171A, 7,90
ACFAN00131A, 8,90
ACFAN00170A, 7,90
ACFAN00254A, 15,90
ACFAN00258A, 40,90
ACFAN00121A, 8,50
ACFAN00229A, 58,90
ACFAN00130A, 4,90
ACFAN00187A, 7,50
ACFAN00176A, 7,90
ACFAN00222A, 10,90
ACFAN00124A, 7,90
ACFAN00126A, 9,90
ACFAN00140A, 6,50
ACTPD00001A, 4,90
ACTPD00004A, 9,50
ACTPD00003A, 5,90
ACTPD00006A, 15,90
ACTPD00002A, 5,50
ACTPD00005A, 14,50
ACTPD00012A, 7,90
ACTPD00013A, 8,50
ACTPD00014A, 9,90
ACN-60ML, 8,90
ACFRE00072A, 32,90
ACFRE00070A, 69,90
ACFRE00005A, 27,90
ACTPD00022A, 15,90
ACTPD00017A, 36,90
ACTPD00018A, 49,90
ACTPD00019A, 61,90
90-MXB9M0-A0UAYZ, 48,90
90-MXB9N0-A0UAYZ, 59,90
90-MXBCQ0-A0UAYZ, 135,90
90-MXBF10-A0UAYZ, 122,90
90-MXBEL0-A0UAYZ, 118,90
90-MXBFA0-A0UAYZ, 138,90
90-MXB8K0-A0UAYZ, 55,90
90-MXBDC0-A0UAYZ, 74,90
90-MXBG20-A0UAYZ, 82,90
90-MXBFT0-A0UAYZ, 81,90
90-MXBG30-A0UAYZ, 79,90
90-MXBGT0-A0UAYZ, 67,90
90-MXBFY0-A0UAYZ, 154,90
90-MXBB70-A0UAYZ, 474,90
90-MXBAR0-A0UAYZ, 219,90
90-MXBF60-A0UAYZ, 221,90
90-MXBEV0-A0UAYZ, 317,90
90-MXBF00-A0UAYZ, 169,90
90-MXBEQ0-A0UAYZ, 207,90
90-MXBEP0-A0UAYZ, 171,90
90YV0CV3-M0NA00, 249,90
90YV0DS3-M0NA00, 429,90
90YV0CH6-M0NA00, 539,90
90YV0CH7-M0NA00, 535,90
90YV0HH0-M0NA00, 472,90
90YV0HA1-M0NA00, 339,90
90YV0GP0-M0NA00, 519,90
90YV0GN1-M0NA00, 569,90
90YV0G82-M0NA00, 999,90
90YV0G83-M0NA00, 910,90
90DD01Y0-B10010, 18,50
90YV0F80-M0NM00, 2 799,90
90YV07G4-M0NA00, 83,90
90YV0H20-M0NA00, 92,90
90DD0200-B30000, 92,90
90YV0AT2-M0NA00, 115,90
90YV06N2-M0NA00, 84,90
90YV0A75-M0NA00, 249,90
90YV0CV0-M0NA00, 289,90
90YV0HH2-M0NA00, 459,90
90MB0VA0-M0EAY0, 73,90
90MB0TV0-M0EAY0, 53,90
90MB14Z0-M0EAY0, 73,90
90MB17H0-M0EAY0, 75,90
90MB1510-M0EAY0, 71,90
90MB1500-M0EAY0, 63,90
90MB10M0-M0EAY0, 81,90
90MB0YN0-M0EAY0, 91,90
90MB15Z0-M0EAY0, 72,90
90MB1600-M0EAY0, 51,90
90MB14U0-M0EAY0, 137,90
90MB14D0-M0EAY0, 118,90
90MB14I0-M0EAY0, 98,90
90MB19X0-M0EAY0, 138,90
90MB14V0-M0EAY0, 94,90
90MB16N0-M0EAY0, 115,90
90MB18X0-M0EAY0, 142,90
90MB19K0-M0EAY0, 142,90
90MB1AE0-M0EAY0, 152,90
90MB1950-M0EAY0, 118,90
90MB0Z10-M0EAY0, 65,90
90MB0Z30-M0EAY0, 59,90
90MB1520-M0ECY0, 64,90
90MB17C0-M0EAY0, 87,90
90MB17M0-M0EAY0, 81,90
90MB17E0-M0EAY0, 85,90
90MB17N0-M0EAY0, 81,90
90MB19P0-M0EAY0, 96,90
90MB1A00-M0EAY0, 91,90
90MB19N0-M0EAY0, 91,90
90MB1A10-M0EAY0, 89,90
90MB14J0-M0EAY0, 499,90
90MB11F0-M0EAY0, 334,00
90MB11N0-M0EAY0, 189,90
90MB11B0-M0EAY0, 288,90
90MB1390-M0EAY0, 239,90
90MB16D0-M0EAY0, 254,90
90MB16I0-M0EAY0, 189,90
90MB1810-M0EAY0, 224,90
90MB1690-M0EAY0, 173,90
90MB18L0-M0EAY0, 284,90
90MB18P0-M0EAY0, 209,90
90MB19Q0-M0EAY0, 242,90
90MB18N0-M0EAY0, 227,90
90MB1A90-M0EAY0, 254,90
90MB18Q0-M0EAY0, 211,90
90MB19F0-M0EAY0, 229,90
90MB14E0-M0EAY0, 342,90
90MB10Z0-M0EAY0, 574,90
90MC0320-M0UAY0, 49,90
90MC01W0-M0EAY0, 49,90
90MB13D0-M0EAY0, 476,50
90MB12J0-M0EAY0, 894,50
90MB1370-M0EAY0, 508,90
90MB12R0-M0EAY0, 439,90
90MB16E0-M0EAY0, 473,90
90MB15S0-M0EAY0, 919,90
90MB15X0-M0EAY0, 492,90
90MB18I0-M0EAY0, 714,90
90MB18I0-M0MAY0, 638,90
90MB1A60-M0EAY0, 1 859,90
90MB18H0-M0EAY0, 1 089,90
90MB18G0-M0EAY0, 729,90
90MB18E0-M0EAY0, 599,90
90RC00A0-M0UAY0, 279,90
90RC0030-M0UAY0, 193,90
90RC0020-M0UAY0, 238,90
90RC0010-M0UAY0, 137,90
90RC0040-M0UAY0, 181,90
90YV0AB0-M0NA00, 47,90
90YE00A5-B0NA00, 242,90
90YE00A2-B0NA00, 129,90
90YE00A1-B0NA00, 144,50
90MB1470-M0EAY0, 239,90
90MB14F0-M0EAY0, 199,90
90MB14S0-M0EAY0, 187,90
90MB19V0-M0EAY0, 203,90
90MB14L0-M0EAY0, 204,90
90MB17B0-M0EAY0, 279,90
90MB16V0-M0EAY0, 191,90
90MB18S0-M0EAY0, 216,90
90MB1B00-M0EAY0, 228,90
90MB18R0-M0EAY0, 240,90
90MB18Y0-M0EAY0, 202,90
90MB19C0-M0EAY0, 189,90
90YV0HI1-M0NA00, 544,90
90YV0G03-M0NA00, 779,90
90YV0GW0-M0NA00, 1 099,90
90YV0FAC-M0NM00, 1 765,90
90YV0GT1-M0NM00, 1 994,90
90YV0EI2-M0NA00, 349,90
90RC0050-M0UAY0, 121,90
90RC0060-M0UAY0, 149,90
90RC0061-M0UAY0, 164,90
90RC0062-M0UAY0, 184,90
90RC0070-M0UAY0, 199,90
90RC0071-M0UAY0, 229,90
90RC0072-M0UAY0, 235,90
90RC00E1-M0UAY0, 199,90
90RC00F1-M0UAY0, 261,90
90YV0GF0-M0NM00, 1 999,90
90YV0GF1-M0NM00, 2 349,90
90MB14M0-M0EAY0, 583,50
90MB1160-M0EAY0, 264,90
90MB1140-M0EAY0, 299,90
90MB1300-M0EAY0, 237,90
90MB12S0-M0EAY0, 249,90
90MB13A0-M0EAY0, 317,90
90MB1660-M0EAY0, 307,90
90MB1640-M0EAY0, 355,90
90MB1630-M0EAY0, 312,90
90MB1680-M0EAY0, 355,90
90MB18K0-M0EAY0, 359,90
90MB18J0-M0EAY0, 577,90
90MB18M0-M0EAY0, 472,90
90MB19G0-M0EAY0, 344,90
90MB1910-M0EAY0, 438,90
90YE0090-B001N0, 245,90
90DC00B0-B39020, 249,90
90MB14K0-M0EAY0, 934,90
90YV0CH2-M0NA00, 499,90
90YB00I0-M1UA00, 109,90
90MB10C0-M0EAY0, 114,90
90MB0YQ0-M0EAY0, 94,90
90MB10A0-M0EAY0, 94,90
90YE00D3-B0NA00, 84,90
90YE00D2-B0NA00, 89,90
90YE00D1-B0NA00, 99,90
90YE00D0-B0NA00, 114,90
90MB14Y0-M0EAY0, 85,90
90MB17G0-M0EAY0, 89,90
90MB17F0-M0EAY0, 100,90
90MB1650-M0EAY0, 107,90
90MB1620-M0EAY0, 93,50
90MB1610-M0EAY0, 109,90
90MB15D0-M0EAY0, 176,90
90MB14G0-M0EAY0, 161,90
90MB19U0-M0EAY0, 179,90
90MB17U0-M0EAY0, 124,90
90MB17T0-M0EAY0, 141,90
90MB1490-M0EAY0, 149,90
90MB14A0-M0EAY0, 144,90
90MB1740-M0EAY0, 149,90
90MB1850-M0EAY0, 143,90
90MB1780-M0EAY0, 146,90
90MB1920-M0EAY0, 187,90
90MB19J0-M0EAY0, 149,90
90MB1940-M0EAY0, 162,90
90MB1930-M0EAY0, 173,90
90YV0CT8-M0NA00, 479,90
90YV0CT7-M0NA00, 465,90
90YV0GC0-M0NA10, 689,90
90YV0G1A-M0NA00, 789,90
90YV0FB8-M0NM00, 1 614,90
90YV0GU1-M0NM00, 1 865,90
90YV0FB4-M0NM00, 1 299,90
90YV0FD1-M0NM00, 2 449,90
90DC0013-B49000, 169,90
90YV0DT3-M0NA00, 449,90
90YV0DT2-M0NA00, 409,90
90MB16K0-M0EAY0, 172,90
90MB1900-M0EAY0, 210,90
90RC0091-M0UAY0, 99,90
90YV0FM1-M0NA00, 1 469,90
90YV0GE0-M0NM00, 1 884,90
90MB1170-M0EAY0, 239,90
90MB1180-M0EAY0, 204,90
90MB15H0-M0EAY0, 222,90
90MB19Z0-M0EAY0, 299,90
90MB16C0-M0EAY0, 235,90
90MB18U0-M0EAY0, 303,90
90MB1AV0-M0EAY0, 299,90
90MB18V0-M0EAY0, 300,90
90MB1AW0-M0EAY0, 311,90
90YV0EZ0-M0NA00, 244,90
90YV0EH1-M0NA00, 297,90
90YV0EZ2-M0NA00, 268,90
90YV0GY0-M0NA00, 1 014,90
90YV0G80-M0NA00, 999,90
90YV0GU0-M0NM00, 1 864,90
90SW00F0-M0EAY0, 324,90
90SW0080-M0EAY0, 419,90
61GC5530A0A2, 177,90
61GC570D00A5, 259,90
61GC5510A0AP, 141,90
61GC3110A0AB, 93,90
61GC5130A0AH, 139,90
BGW14, 279,90
BN314, 219,90
BK020, 89,90
BW005, 87,90
BL046, 10,90
BL047, 12,90
BL082, 12,50
BL081, 10,90
BL038, 10,50
BL086, 17,90
BL088, 17,90
BL090, 19,50
BL087, 18,90
BL089, 18,90
BL091, 20,90
B550MH, 69,90
BFA-MAG-12GK6-RP, 8,90
BFA-MAG-30BK15-RP, 16,90
BFA-MAG-30PK15-RP, 17,90
BFA-MAG-60GK30-RP, 25,90
BFA-MAG-60RK30-RP, 25,90
BFA-RGB-30MK15N-RP, 12,90
BFA-RGB-60MK30N-RP, 25,90
BFA-MAK-EXTWK, 49,90
BFA-MAK-EXTKK, 49,90
BFA-MAC-24ATX45WK, 19,90
BFA-MAC-24ATX45KK, 19,90
BFA-MAC-4ATX45WK, 7,90
BFA-MAC-4ATX45KK, 7,90
BFA-MAC-62EPS45WK, 11,90
BFA-MAC-62PEG45KK, 11,90
BFA-MAC-6PEG45WK, 11,90
BFA-MAC-6PEG45KK, 11,90
BFA-MAC-8EPS45WK, 11,90
BFA-MAC-8PEG45WK, 12,90
BFA-MAC-44EPS45WK, 10,90
BFA-MAC-44EPS45KK, 10,90
BFC-ENS-150-KKWGK, 74,90
BFC-ESM-150-WWWGK, 73,90
BFC-ESM-150-WWWGK-4A, 129,90
ESM-150-KKWGK-4A, 114,90
BITFENIX3PIN60CM, 5,90
BP-FM450ULAG-9R, 71,90
BP-FM550ULAG-9R, 74,90
BFC-NVM-300-KKGSK-RP, 64,90
PM2-300-WWGSW-3A, 119,90
PM2-300-KKGSK-3A, 119,90
BFC-PM2-300-WWGSW, 99,90
BFC-PM2-300-KKGSK, 99,90
BFF-SCF-12025WW-RP, 8,90
BFF-SCF-14025KK-RP, 10,90
BFF-LPRO-12025W-RP, 13,90
BFF-SPRO-14025KK-RP, 12,90
BFF-SRGB-14025N-RP, 17,90
BFF-SRGB-20025C-RP, 24,90
ADD-12025SW-3CP, 29,90
ADD-12025SK-3CP, 29,90
BP-WG550UMAG-9FM, 92,90
BP-WG750UMAG-9FM, 119,90
BFF-SCF-12025KK-RP, 5,90
BFF-SPRO-12025WW-RP, 9,90
3D4GS1600135BL11, 25,90
CKIT-N86KW-R, 30,90
NCT-100, 1,90
CABOEXT32CM, 1,50
CABOEXT60CM, 2,50
LDEXT20, 5,90
ATX2PSU, 8,90
FAN4P-Y2, 4,90
EXTPWM27CM, 3,90
RGB4PM-Y2, 8,50
RGB4PM-Y3, 9,90
2.5CADDYPS3SLIM, 3,90
EMRICK05BS, 12,90
CSATA600EXI, 27,90
EMRICK04B, 14,90
CUSB3EXI, 18,90
SRC01G, 18,90
SPC01G, 19,50
EMRICK03G, 28,50
EMRICK05B, 9,90
CLD05SPRO, 11,90
CLD01DM, 11,90
CLD02AL, 12,90
COO-ICPE-NVME, 14,90
DG-VCPU-CY2-LB, 33,90
DG-PWS650-85B, 45,90
DG-PWS800-85B, 52,90
RC-250-KKP500, 40,50
RC-350-KKP500, 43,90
MPW-5001-ACABN1-EU, 39,90
RC-922XM-KWN1, 129,90
RR-212TR-16PR-R1, 43,90
MCA-U000R-GLS000, 17,90
MAP-G2PN-126PC-R1, 41,90
MAP-D6PN-218PC-R2, 79,90
MCX-B5S3T-RWNN, 88,90
MCW-L3S2-KW5N, 51,90
MGX-ZOSG-N15M-R2, 4,80
MLZ-H92M-A26PK-R1, 94,90
MLW-D24M-A18PC-R2, 70,90
HTK-002-U1-GP, 2,40
MCY-C3P1-KWNN, 81,90
MFX-B2DN-18NPC-R1, 14,90
MAM-D7PN-DWRPS-T1, 118,90
MCB-NR200-KNNN-S00, 84,90
CO-9050088-WW, 26,90
CC-9011184-WW, 75,90
CC-9011080-WW, 145,90
CC-9011099-WW, 139,90
CP-9020210-EU, 46,90
CP-9020225-EU, 74,90
CP-9020216-EU, 70,90
CP-9020221-EU, 79,90
CP-9020222-EU, 92,90
CMT16GX4M2C3200C16, 141,90
CSSD-F500GBMP600, 139,90
CW-9060047-WW, 159,90
CC-9011219-WW, 259,90
CC-9011227-WW, 321,90
CW-9060046-WW, 153,90
CW-9060061-WW, 259,90
CW-9060051-WW, 190,90
CO-9050073-WW, 32,90
CO-9050043-WW, 21,90
CO-9050047-WW, 24,90
CO-9050077-WW, 30,90
CP-9020199-EU, 119,90
CP-9020235-EU, 125,90
CO-9050137-WW, 44,90
CSSD-UPGRADEKIT, 25,90
CP-9020228-EU, 87,90
CP-9020230-EU, 114,90
VS1GB400C3, 28,90
VS1GSDS533D2, 15,90
VS512SDS400, 8,90
CMK16GX4M1E3200C16, 73,90
CMK16GX4M2E3200C16, 78,90
CMK8GX4M1A2400C16, 39,90
CMW64GX4M2E3200C16, 331,90
CMW16GX4M2K4000C19, 175,90
CMH32GX4M2Z3200C16, 159,00
CMH16GX4M2Z3200C16, 92,90
CMH32GX4M2E3200C16W, 162,90
CMSX16GX4M1A2666C18, 82,90
CO-9050078-WW, 69,90
31BX070.0001P, 94,90
31BX085.0001P, 92,90
3858M30.0001, 152,90
385LMG0.0001, 276,90
3858M30.0002, 152,90
385BMB0.0002, 70,90
31GE065002P01, 99,90
385TM10.0002, 46,90
385BMS0.0006, 89,90
70SB180000000, 199,90
70SB187000000, 55,90
70SB155000001, 51,90
70SB150000004, 78,90
70SB174000003, 129,90
70SB157000000, 33,90
BL2K16G26C16U4B, 151,90
BL2K16G30C15U4B, 155,90
BL2K16G32C16U4B, 149,90
BL2K32G32C16U4B, 316,90
BL2K8G32C16U4B, 79,90
BL2K16G30C15U4R, 154,90
BL2K8G32C16U4RL, 94,90
BL2K8G32C16U4BL, 84,90
BL2K8G36C16U4BL, 103,90
BL2K8G32C16S4B, 83,90
BL2K16G36C16U4W, 203,90
BL2K8G30C15U4W, 84,90
BL2K8G36C16U4W, 99,90
BL2K8G36C16U4WL, 104,90
CT1000BX500SSD1, 94,90
CT240BX500SSD1, 33,90
CT480BX500SSD1, 44,90
CT51264BD160B, 27,90
CT102464BD160B, 45,90
CT8G3ERSLD8160B, 78,90
CT8G3ERSLS4160B, 106,90
CT16G4DFRA266, 64,90
CT16G4DFD832A, 86,90
CT2K16G4DFRA266, 159,90
CT2K8G4DFRA266, 86,50
CT2K8G4DFRA32A, 82,90
CT32G4DFD832A, 168,90
CT4G4DFS824A, 23,90
CT4G4DFS6266, 23,90
CT4G4DFS8266, 22,90
CT8G4DFS824A, 35,90
CT8G3S160BM, 58,90
CT16G4S266M, 78,90
CT1000MX500SSD1, 97,90
CT250MX500SSD1, 39,90
CT2000MX500SSD1, 197,90
CT500MX500SSD1, 55,90
CT1000P2SSD8, 94,90
CT250P2SSD8, 47,90
CT2000P2SSD8, 196,90
CT500P2SSD8, 56,90
CT1000P5SSD8, 119,90
CT2000P5SSD8, 279,90
CT1000P5PSSD8, 186,90
CT2000P5PSSD8, 374,90
CT500P5PSSD8, 115,90
CT102464BF160B, 45,90
CT16G4SFD824A, 73,90
CT16G4SFRA266, 65,90
CT16G4SFRA32A, 67,90
CT2K16G4SFRA32A, 170,90
CT4G4SFS824A, 23,90
CT4G4SFS8266, 23,90
CT4G4SFS6266, 23,90
CT8G4SFS824A, 36,90
CT8G4SFRA266, 35,90
CT8G4SFRA32A, 36,90
CT8G4DFRA266, 33,90
QF140, 13,50
XF140, 15,90
COO-DGC-A195-0, 40,90
DP-F10PWM-HUB, 9,90
DP-F04PWM-HUB, 5,90
DP-MG-CTR-A-RGB-RMT, 8,90
R-AK620-BKNNMT-G, 59,90
DP-GH01-ARGB, 18,90
R-AS500-BKNLMP-G, 79,90
DP-GS-MCH7-ASN-3, 84,90
DP-GS-H14AR-CSL280EX, 105,90
DP-F12-AR-CF120P-3P, 40,90
